{"cameraMode":{"drawMode":0,"name":"Shaded","section":"Shading Mode"},"sceneLighting":false,"audioPlay":false,"sceneViewState":{"m_AlwaysRefresh":false,"showFog":false,"showSkybox":false,"showFlares":false,"showImageEffects":false,"showParticleSystems":false,"showVisualEffectGraphs":true,"m_FxEnabled":true},"in2DMode":false,"pivot":{"x":0.005349874496459961,"y":0.9654475450515747,"z":0.09749078750610352},"rotation":{"x":-0.0030610072426497938,"y":0.9969487190246582,"z":-0.05569697171449661,"w":-0.054771408438682559},"size":0.8394574522972107,"orthographic":false}