{"cameraMode":{"drawMode":0,"name":"Shaded","section":"Shading Mode"},"sceneLighting":false,"audioPlay":false,"sceneViewState":{"m_AlwaysRefresh":false,"showFog":true,"showSkybox":false,"showFlares":true,"showImageEffects":true,"showParticleSystems":true,"showVisualEffectGraphs":true,"m_FxEnabled":true},"in2DMode":false,"pivot":{"x":0.6705371141433716,"y":0.5511720180511475,"z":-0.5146141052246094},"rotation":{"x":-0.057894621044397357,"y":0.9420991539955139,"z":-0.23535557091236115,"w":-0.23174500465393067},"size":1.4933820962905884,"orthographic":false}