{"cameraMode":{"drawMode":0,"name":"Shaded","section":"Shading Mode"},"sceneLighting":false,"audioPlay":false,"sceneViewState":{"m_AlwaysRefresh":false,"showFog":true,"showSkybox":false,"showFlares":true,"showImageEffects":true,"showParticleSystems":true,"showVisualEffectGraphs":true,"m_FxEnabled":true},"in2DMode":false,"pivot":{"x":0.0757705569267273,"y":0.6398317217826843,"z":-0.18034037947654725},"rotation":{"x":-0.024109531193971635,"y":0.9501552581787109,"z":-0.07599251717329025,"w":-0.30143001675605776},"size":0.8082639575004578,"orthographic":false}