{"cameraMode":{"drawMode":0,"name":"Shaded","section":"Shading Mode"},"sceneLighting":false,"audioPlay":false,"sceneViewState":{"m_AlwaysRefresh":false,"showFog":true,"showSkybox":false,"showFlares":true,"showImageEffects":true,"showParticleSystems":true,"showVisualEffectGraphs":true,"m_FxEnabled":true},"in2DMode":false,"pivot":{"x":-1.557739019393921,"y":1.1722291707992554,"z":-0.6684738397598267},"rotation":{"x":-0.020831814035773279,"y":0.9775893688201904,"z":-0.17366237938404084,"w":-0.11726627498865128},"size":1.6907840967178345,"orthographic":false}